Bus_name,Bus_type,Start_time,End_time,Total_duration,Price,Seats_Available,Ratings,Route_link,Route_name
Bedi Travels,Volvo A/C Semi Sleeper (2+2 ),22:30,08:00,09h 30m,495,15 Seats available,"4.6
697",https://www.redbus.in/bus-tickets/delhi-to-shimla,Delhi to Shimla
Laxmi holidays,Volvo A/C Semi Sleeper (2+2),23:25,07:45,08h 20m,617,13 Seats available,"4.5
659",https://www.redbus.in/bus-tickets/delhi-to-shimla,Delhi to Shimla
Laxmi holidays,Scania Multi-Axle AC Semi Sleeper (2+2),23:30,08:00,08h 30m,617,41 Seats available,"4.3
817",https://www.redbus.in/bus-tickets/delhi-to-shimla,Delhi to Shimla
Zingbus Plus,Bharat Benz A/C Semi Sleeper (2+2),22:05,08:10,10h 05m,557,14 Seats available,"4.3
455",https://www.redbus.in/bus-tickets/delhi-to-shimla,Delhi to Shimla
City Land Travels,Volvo Multi-Axle I-Shift B11R Semi Sleeper (2+2),23:25,07:25,08h 00m,495,36 Seats available,"3.6
392",https://www.redbus.in/bus-tickets/delhi-to-shimla,Delhi to Shimla
City Land Travels,Volvo A/C Semi Sleeper (2+2),22:00,06:00,08h 00m,529,27 Seats available,"3.2
362",https://www.redbus.in/bus-tickets/delhi-to-shimla,Delhi to Shimla
RAO TRAVELS INDIA PVT LTD.,AC Seater (2+2),21:30,07:30,10h 00m,INR 1500,31 Seats available,"2.0
38",https://www.redbus.in/bus-tickets/delhi-to-shimla,Delhi to Shimla
Heera Himachal Holidays,Volvo A/C Semi Sleeper (2+2),21:30,06:30,09h 00m,INR 1199,22 Seats available,"1.7
7",https://www.redbus.in/bus-tickets/delhi-to-shimla,Delhi to Shimla
Ram Dalal Holidays,Mercedes Multi-Axle Semi Sleeper (2+2),21:55,06:35,08h 40m,INR 800,12 Seats available,"4.5
515",https://www.redbus.in/bus-tickets/shimla-to-delhi,Shimla to Delhi
Zingbus Plus,Bharat Benz A/C Semi Sleeper (2+2),20:30,04:50,08h 20m,553,21 Seats available,"4.4
434",https://www.redbus.in/bus-tickets/shimla-to-delhi,Shimla to Delhi
Laxmi holidays,Scania Multi-Axle AC Semi Sleeper (2+2),20:30,04:30,08h 00m,INR 499,29 Seats available,"4.2
697",https://www.redbus.in/bus-tickets/shimla-to-delhi,Shimla to Delhi
Bedi Travels,Volvo A/C Semi Sleeper (2+2 ),21:30,05:30,08h 00m,630,8 Seats available,"4.6
681",https://www.redbus.in/bus-tickets/shimla-to-delhi,Shimla to Delhi
Laxmi holidays,Volvo 9600 A/C Semi Sleeper (2+2),21:00,03:10,06h 10m,569,19 Seats available,"4.7
124",https://www.redbus.in/bus-tickets/manali-to-chandigarh,Manali to Chandigarh
Laxmi holidays,Volvo 9600 A/C Semi Sleeper (2+2),18:00,00:30,06h 30m,INR 499,11 Seats available,"4.8
67",https://www.redbus.in/bus-tickets/manali-to-chandigarh,Manali to Chandigarh
Zingbus Plus,Volvo A/C Semi Sleeper (2+2),21:30,03:50,06h 20m,538,5 Seats available,"4.6
112",https://www.redbus.in/bus-tickets/manali-to-chandigarh,Manali to Chandigarh
Laxmi holidays,Volvo 9600 A/C Semi Sleeper (2+2),21:30,03:15,05h 45m,569,22 Seats available,"4.4
126",https://www.redbus.in/bus-tickets/manali-to-chandigarh,Manali to Chandigarh
IntrCity SmartBus,Volvo 9600 A/C Semi Sleeper (2+2),18:15,01:10,06h 55m,INR 759,1 Seat available,"5.0
14",https://www.redbus.in/bus-tickets/manali-to-chandigarh,Manali to Chandigarh
Zingbus Plus,Volvo 9600 A/C Semi Sleeper (2+2),18:40,01:40,07h 00m,450,3 Seats available,"4.4
24",https://www.redbus.in/bus-tickets/manali-to-chandigarh,Manali to Chandigarh
GLOBAL HOLIDAYS ADVENTURE TOURS,A/C Semi Sleeper (2+2),19:45,04:45,09h 00m,463,23 Seats available,"2.5
115",https://www.redbus.in/bus-tickets/manali-to-chandigarh,Manali to Chandigarh
IntrCity SmartBus,Volvo A/C Semi Sleeper (2+2),19:30,02:05,06h 35m,INR 746,13 Seats available,"4.4
8",https://www.redbus.in/bus-tickets/manali-to-chandigarh,Manali to Chandigarh
Zingbus Plus,Scania A/C Semi Sleeper (2+2),19:30,01:45,06h 15m,495,15 Seats available,"4.4
20",https://www.redbus.in/bus-tickets/manali-to-chandigarh,Manali to Chandigarh
Zingbus Plus,Volvo 9600 A/C Semi Sleeper (2+2),20:30,02:40,06h 10m,514,27 Seats available,"5.0
7",https://www.redbus.in/bus-tickets/manali-to-chandigarh,Manali to Chandigarh
Laxmi holidays,Volvo 9600 A/C Semi Sleeper (2+2),22:50,05:30,06h 40m,523,13 Seats available,"4.7
434",https://www.redbus.in/bus-tickets/chandigarh-to-manali,Chandigarh to Manali
Reo India Travels,Volvo A/C B11R Multi Axle Semi Sleeper (2+2),23:59,07:25,07h 26m,INR 475,18 Seats available,"3.4
40",https://www.redbus.in/bus-tickets/chandigarh-to-manali,Chandigarh to Manali
GLOBAL HOLIDAYS ADVENTURE TOURS,A/C Semi Sleeper (2+2),22:25,07:00,08h 35m,463,28 Seats available,"3.5
199",https://www.redbus.in/bus-tickets/chandigarh-to-manali,Chandigarh to Manali
TANISHQ HOLIDAYS TOUR,Volvo A/C Semi Sleeper (2+2),23:30,07:30,08h 00m,699,31 Seats available,"3.4
6",https://www.redbus.in/bus-tickets/chandigarh-to-manali,Chandigarh to Manali
Himgiri Adventure Tour,Bharat Benz A/C Semi Sleeper (2+2),22:00,07:15,09h 15m,INR 649,19 Seats available,"2.4
26",https://www.redbus.in/bus-tickets/chandigarh-to-manali,Chandigarh to Manali
SWAGATAM TOUR HOLIDAY,Volvo AC Seater (2+2),23:59,07:00,07h 01m,INR 1499,35 Seats available,New,https://www.redbus.in/bus-tickets/chandigarh-to-manali,Chandigarh to Manali
Metahills holidays,Scania A/C Semi Sleeper (2+2),21:21,06:00,08h 39m,942,31 Seats available,3.5,https://www.redbus.in/bus-tickets/chandigarh-to-manali,Chandigarh to Manali
GLOBAL HOLIDAYS ADVENTURE TOURS,A/C Semi Sleeper (2+2),22:35,07:10,08h 35m,509,22 Seats available,"3.2
70",https://www.redbus.in/bus-tickets/chandigarh-to-manali,Chandigarh to Manali
Subh Yatri Holidays,Volvo A/C Semi Sleeper (2+2),23:45,08:00,08h 15m,516,41 Seats available,3.3,https://www.redbus.in/bus-tickets/chandigarh-to-manali,Chandigarh to Manali
Metahills holidays,Scania A/C Semi Sleeper (2+2),21:21,06:00,08h 39m,1169,26 Seats available,3.5,https://www.redbus.in/bus-tickets/chandigarh-to-manali,Chandigarh to Manali
Laxmi holidays,Volvo 9600 A/C Semi Sleeper (2+2),23:00,11:00,12h 00m,569,12 Seats available,"4.7
734",https://www.redbus.in/bus-tickets/delhi-to-manali,Delhi to Manali
Laxmi holidays,Volvo 9600 A/C Semi Sleeper (2+2),19:00,07:00,12h 00m,495,22 Seats available,"4.6
854",https://www.redbus.in/bus-tickets/delhi-to-manali,Delhi to Manali
Zingbus Plus,Volvo 9600 A/C Semi Sleeper (2+2),21:00,08:40,11h 40m,450,16 Seats available,"4.7
399",https://www.redbus.in/bus-tickets/delhi-to-manali,Delhi to Manali
AdIntrCity SmartBus,Volvo 9600 A/C Semi Sleeper (2+2),21:30,10:25,12h 55m,INR 509,26 Seats available,"4.6
518",https://www.redbus.in/bus-tickets/delhi-to-manali,Delhi to Manali
Zingbus Plus,Volvo A/C Semi Sleeper (2+2),22:45,11:10,12h 25m,428,29 Seats available,"4.6
732",https://www.redbus.in/bus-tickets/delhi-to-manali,Delhi to Manali
Zingbus Plus,Volvo 9600 A/C Semi Sleeper (2+2),22:15,09:40,11h 25m,428,29 Seats available,"4.6
544",https://www.redbus.in/bus-tickets/delhi-to-manali,Delhi to Manali
Deltin Travels,Volvo 9600 A/C Semi Sleeper (2+2),20:20,07:40,11h 20m,INR 500,11 Seats available,"4.5
805",https://www.redbus.in/bus-tickets/delhi-to-manali,Delhi to Manali
AdIntrCity SmartBus,Volvo A/C Semi Sleeper (2+2),20:30,09:25,12h 55m,INR 509,15 Seats available,"4.5
456",https://www.redbus.in/bus-tickets/delhi-to-manali,Delhi to Manali
Zingbus Plus,Volvo A/C Semi Sleeper (2+2),21:30,09:00,11h 30m,406,16 Seats available,"4.5
601",https://www.redbus.in/bus-tickets/delhi-to-manali,Delhi to Manali
Zingbus Plus,Volvo A/C Semi Sleeper (2+2),20:30,07:30,11h 00m,420,6 Seats available,"4.6
521",https://www.redbus.in/bus-tickets/delhi-to-manali,Delhi to Manali
Laxmi holidays,Volvo A/C Semi Sleeper (2+2),20:20,01:15,04h 55m,522,20 Seats available,"4.4
12",https://www.redbus.in/bus-tickets/hamirpur-himachal-pradesh-to-chandigarh,Hamirpur (Himachal Pradesh) to Chandigarh
Ram Dalal Holidays,Volvo A/C Semi Sleeper (2+2),21:40,02:05,04h 25m,INR 600,15 Seats available,"4.7
12",https://www.redbus.in/bus-tickets/hamirpur-himachal-pradesh-to-chandigarh,Hamirpur (Himachal Pradesh) to Chandigarh
Ram Dalal Holidays,Volvo A/C Semi Sleeper (2+2),22:00,03:10,05h 10m,INR 650,25 Seats available,4.5,https://www.redbus.in/bus-tickets/hamirpur-himachal-pradesh-to-chandigarh,Hamirpur (Himachal Pradesh) to Chandigarh
Ram Dalal Holidays,Volvo A/C Semi Sleeper (2+2),21:00,05:35,08h 35m,INR 550,23 Seats available,"4.7
402",https://www.redbus.in/bus-tickets/delhi-to-hamirpur-himachal-pradesh,Delhi to Hamirpur (Himachal Pradesh)
Laxmi holidays,Volvo A/C Semi Sleeper (2+2),21:00,06:10,09h 10m,569,27 Seats available,"4.4
406",https://www.redbus.in/bus-tickets/delhi-to-hamirpur-himachal-pradesh,Delhi to Hamirpur (Himachal Pradesh)
Ram Dalal Holidays,Volvo A/C Semi Sleeper (2+2),22:00,06:40,08h 40m,INR 810,22 Seats available,4.7,https://www.redbus.in/bus-tickets/delhi-to-hamirpur-himachal-pradesh,Delhi to Hamirpur (Himachal Pradesh)
Zingbus Plus,Volvo Multi-Axle A/C Semisleeper (2+2),22:05,08:20,10h 15m,1021,30 Seats available,4.3,https://www.redbus.in/bus-tickets/delhi-to-hamirpur-himachal-pradesh,Delhi to Hamirpur (Himachal Pradesh)
Everest Holidays,Volvo A/C Semi Sleeper (2+2),22:00,08:00,10h 00m,674,30 Seats available,3.4,https://www.redbus.in/bus-tickets/delhi-to-hamirpur-himachal-pradesh,Delhi to Hamirpur (Himachal Pradesh)
Everest Holidays,Volvo A/C Semi Sleeper (2+2),21:40,07:40,10h 00m,698,33 Seats available,3.4,https://www.redbus.in/bus-tickets/delhi-to-hamirpur-himachal-pradesh,Delhi to Hamirpur (Himachal Pradesh)
Laxmi holidays,Volvo 9600 A/C Semi Sleeper (2+2),17:25,22:50,05h 25m,495,26 Seats available,"4.5
317",https://www.redbus.in/bus-tickets/delhi-to-chandigarh,Delhi to Chandigarh
NueGo,Electric A/C Seater (2+2),17:30,22:35,05h 05m,356,20 Seats available,"4.0
320",https://www.redbus.in/bus-tickets/delhi-to-chandigarh,Delhi to Chandigarh
Subh Yatri Holidays,Volvo A/C Semi Sleeper (2+2),18:00,23:45,05h 45m,INR 573,41 Seats available,3.3,https://www.redbus.in/bus-tickets/delhi-to-chandigarh,Delhi to Chandigarh
Laxmi holidays,Bharat Benz A/C Sleeper (2+1),18:00,23:30,05h 30m,674,23 Seats available,"4.6
32",https://www.redbus.in/bus-tickets/delhi-to-chandigarh,Delhi to Chandigarh
Subh Yatri Holidays,Volvo A/C Semi Sleeper (2+2),18:00,23:45,05h 45m,516,41 Seats available,3.3,https://www.redbus.in/bus-tickets/delhi-to-chandigarh,Delhi to Chandigarh
FlixBus,A/C Seater (2+2),18:00,00:40,06h 40m,INR 411,29 Seats available,"4.3
23",https://www.redbus.in/bus-tickets/delhi-to-chandigarh,Delhi to Chandigarh
Jamna Travels (Delhi),A/C Seater / Sleeper (2+2),18:00,23:29,05h 29m,INR 699,19 Seats available,3.7,https://www.redbus.in/bus-tickets/delhi-to-chandigarh,Delhi to Chandigarh
Zingbus Plus,Volvo A/C Semi Sleeper (2+2),20:05,01:05,05h 00m,INR 293,30 Seats available,"4.7
81",https://www.redbus.in/bus-tickets/delhi-to-chandigarh,Delhi to Chandigarh
Zingbus Plus,Volvo 9600 A/C Semi Sleeper (2+2),23:40,05:05,05h 25m,INR 293,18 Seats available,"4.6
103",https://www.redbus.in/bus-tickets/delhi-to-chandigarh,Delhi to Chandigarh
Zingbus Plus,Volvo A/C Semi Sleeper (2+2),23:10,04:40,05h 30m,INR 293,29 Seats available,"4.5
59",https://www.redbus.in/bus-tickets/delhi-to-chandigarh,Delhi to Chandigarh
IntrCity SmartBus,Volvo A/C Semi Sleeper (2+2),19:30,07:00,11h 30m,INR 536,13 Seats available,"4.6
404",https://www.redbus.in/bus-tickets/manali-to-delhi,Manali to Delhi
Laxmi holidays,Volvo 9600 A/C Semi Sleeper (2+2),21:00,08:00,11h 00m,664,19 Seats available,"4.6
761",https://www.redbus.in/bus-tickets/manali-to-delhi,Manali to Delhi
Zingbus Plus,Volvo 9600 A/C Semi Sleeper (2+2),21:00,08:40,11h 40m,615,27 Seats available,"4.6
136",https://www.redbus.in/bus-tickets/manali-to-delhi,Manali to Delhi
AdTANISHQ HOLIDAYS TOUR,Volvo A/C Semi Sleeper (2+2),22:05,11:05,13h 00m,899,41 Seats available,3.5,https://www.redbus.in/bus-tickets/manali-to-delhi,Manali to Delhi
Malana Travels,Volvo 9600 Multi Axle Semi-Sleeper (2+2),20:00,06:00,10h 00m,664,11 Seats available,"4.6
371",https://www.redbus.in/bus-tickets/manali-to-delhi,Manali to Delhi
Zingbus Plus,Volvo 9600 A/C Semi Sleeper (2+2),20:30,07:15,10h 45m,514,23 Seats available,"4.7
174",https://www.redbus.in/bus-tickets/manali-to-delhi,Manali to Delhi
Laxmi holidays,Volvo 9600 A/C Semi Sleeper (2+2),21:30,07:30,10h 00m,664,21 Seats available,"4.4
839",https://www.redbus.in/bus-tickets/manali-to-delhi,Manali to Delhi
Zingbus Plus,Scania A/C Semi Sleeper (2+2),19:30,06:15,10h 45m,577,16 Seats available,"4.2
121",https://www.redbus.in/bus-tickets/manali-to-delhi,Manali to Delhi
Laxmi holidays,Volvo 9600 A/C Semi Sleeper (2+2),18:00,04:45,10h 45m,539,10 Seats available,"4.2
521",https://www.redbus.in/bus-tickets/manali-to-delhi,Manali to Delhi
Zingbus Plus,Volvo A/C Semi Sleeper (2+2),17:45,05:00,11h 15m,519,13 Seats available,"4.2
490",https://www.redbus.in/bus-tickets/manali-to-delhi,Manali to Delhi
Ram Dalal Holidays,Volvo A/C Semi Sleeper (2+2),21:40,06:00,08h 20m,INR 600,11 Seats available,"4.7
402",https://www.redbus.in/bus-tickets/hamirpur-himachal-pradesh-to-delhi,Hamirpur (Himachal Pradesh) to Delhi
Laxmi holidays,Volvo A/C Semi Sleeper (2+2),20:20,05:30,09h 10m,617,9 Seats available,"4.6
426",https://www.redbus.in/bus-tickets/hamirpur-himachal-pradesh-to-delhi,Hamirpur (Himachal Pradesh) to Delhi
Ram Dalal Holidays,Volvo A/C Semi Sleeper (2+2),22:00,06:40,08h 40m,INR 650,25 Seats available,4.7,https://www.redbus.in/bus-tickets/hamirpur-himachal-pradesh-to-delhi,Hamirpur (Himachal Pradesh) to Delhi
HRTC - 290,Ordinary 3+2 Non AC Seater,19:00,05:30,10h 30m,INR 583,25 Seats available,"3.0
17",https://www.redbus.in/bus-tickets/shimla-to-manali,Shimla to Manali
HRTC - 291,Himmani Deluxe 2+2 Non AC Seater,20:20,05:00,08h 40m,INR 641,25 Seats available,"3.6
19",https://www.redbus.in/bus-tickets/shimla-to-manali,Shimla to Manali
HRTC - 154,Himsuta AC Seater Volvo/Scania 2+2,21:00,06:10,09h 10m,INR 963,28 Seats available,"4.3
137",https://www.redbus.in/bus-tickets/shimla-to-manali,Shimla to Manali
Ram Dalal Holidays,Volvo 9600 Multi Axle Semi-Sleeper (2+2),20:50,08:10,11h 20m,INR 650,27 Seats available,"4.8
1037",https://www.redbus.in/bus-tickets/delhi-to-dharamshala,Delhi to Dharamshala (Himachal Pradesh)
Laxmi holidays,Volvo 9600 A/C Semi Sleeper (2+2),22:00,09:00,11h 00m,569,29 Seats available,"4.8
674",https://www.redbus.in/bus-tickets/delhi-to-dharamshala,Delhi to Dharamshala (Himachal Pradesh)
Bedi Travels,Volvo 9600 Multi Axle Semi-Sleeper (2+2),20:30,07:30,11h 00m,540,29 Seats available,"4.8
558",https://www.redbus.in/bus-tickets/delhi-to-dharamshala,Delhi to Dharamshala (Himachal Pradesh)
AdLaxmi holidays,Volvo 9600 A/C Semi Sleeper (2+2),19:00,06:00,11h 00m,540,5 Seats available,"4.7
506",https://www.redbus.in/bus-tickets/delhi-to-dharamshala,Delhi to Dharamshala (Himachal Pradesh)
Ram Dalal Holidays,Volvo 9600 A/C Semi Sleeper (2+2),19:30,06:40,11h 10m,INR 650,30 Seats available,"4.7
783",https://www.redbus.in/bus-tickets/delhi-to-dharamshala,Delhi to Dharamshala (Himachal Pradesh)
Bedi Travels,Volvo 9600 Multi Axle Semi-Sleeper (2+2),20:30,07:45,11h 15m,540,29 Seats available,"4.8
394",https://www.redbus.in/bus-tickets/delhi-to-dharamshala,Delhi to Dharamshala (Himachal Pradesh)
Laxmi holidays,Volvo 9600 A/C Semi Sleeper (2+2),22:00,08:55,10h 55m,569,29 Seats available,"4.8
310",https://www.redbus.in/bus-tickets/delhi-to-dharamshala,Delhi to Dharamshala (Himachal Pradesh)
AdNew Himalaya Travels,Volvo A/C Semi Sleeper (2+2),20:20,07:45,11h 25m,INR 500,27 Seats available,"4.3
95",https://www.redbus.in/bus-tickets/delhi-to-dharamshala,Delhi to Dharamshala (Himachal Pradesh)
Bedi Travels,Volvo A/C Semi Sleeper (2+2 ),21:15,08:45,11h 30m,540,21 Seats available,"4.6
153",https://www.redbus.in/bus-tickets/delhi-to-dharamshala,Delhi to Dharamshala (Himachal Pradesh)
Laxmi holidays,Volvo 9600 A/C Semi Sleeper (2+2),21:00,07:15,10h 15m,569,26 Seats available,"4.7
527",https://www.redbus.in/bus-tickets/delhi-to-dharamshala,Delhi to Dharamshala (Himachal Pradesh)
Zingbus Plus,Bharat Benz A/C Semi Sleeper (2+2),20:30,23:45,03h 15m,INR 267,27 Seats available,"4.6
70",https://www.redbus.in/bus-tickets/shimla-to-chandigarh,Shimla to Chandigarh
Laxmi holidays,Scania Multi-Axle AC Semi Sleeper (2+2),20:30,23:35,03h 05m,INR 399,29 Seats available,"4.8
35",https://www.redbus.in/bus-tickets/shimla-to-chandigarh,Shimla to Chandigarh
Laxmi holidays,Scania Multi-Axle AC Semi Sleeper (2+2),20:30,23:00,02h 30m,INR 399,25 Seats available,"4.7
8",https://www.redbus.in/bus-tickets/shimla-to-chandigarh,Shimla to Chandigarh
Bedi Travels,Volvo A/C Semi Sleeper (2+2 ),21:30,00:55,03h 25m,630,8 Seats available,"4.0
4",https://www.redbus.in/bus-tickets/shimla-to-chandigarh,Shimla to Chandigarh
Ram Dalal Holidays,Mercedes Multi-Axle Semi Sleeper (2+2),21:55,01:40,03h 45m,INR 800,13 Seats available,"3.9
20",https://www.redbus.in/bus-tickets/shimla-to-chandigarh,Shimla to Chandigarh
Laxmi holidays,VE A/C Semi Sleeper (2+2),23:50,05:30,05h 40m,759,34 Seats available,"4.5
85",https://www.redbus.in/bus-tickets/chandigarh-to-dharamshala,Chandigarh to Dharamshala (Himachal Pradesh)
Laxmi holidays,Volvo 9600 A/C Semi Sleeper (2+2),23:55,06:00,06h 05m,570,5 Seats available,"4.6
291",https://www.redbus.in/bus-tickets/chandigarh-to-dharamshala,Chandigarh to Dharamshala (Himachal Pradesh)
Laxmi holidays,Volvo 9600 A/C Semi Sleeper (2+2),23:55,05:59,06h 04m,570,7 Seats available,"4.4
192",https://www.redbus.in/bus-tickets/chandigarh-to-dharamshala,Chandigarh to Dharamshala (Himachal Pradesh)
A N Holidays,Bharat Benz A/C Semi Sleeper (2+2),23:59,07:15,07h 16m,494,19 Seats available,"4.1
14",https://www.redbus.in/bus-tickets/chandigarh-to-dharamshala,Chandigarh to Dharamshala (Himachal Pradesh)
Asian's Shina Tour & Travels (Swoyambhu Manjushree Yatayat P. LTD),NON A/C Semi Sleeper (2+2),23:55,06:31,06h 36m,INR 999,29 Seats available,2.4,https://www.redbus.in/bus-tickets/chandigarh-to-dharamshala,Chandigarh to Dharamshala (Himachal Pradesh)
Asian's Shina Tour & Travels (Swoyambhu Manjushree Yatayat P. LTD),NON A/C Semi Sleeper (2+2),23:55,06:45,06h 50m,INR 999,29 Seats available,2.4,https://www.redbus.in/bus-tickets/chandigarh-to-dharamshala,Chandigarh to Dharamshala (Himachal Pradesh)
A N Holidays,Bharat Benz A/C Semi Sleeper (2+2),23:59,06:40,06h 41m,494,19 Seats available,"2.4
14",https://www.redbus.in/bus-tickets/chandigarh-to-dharamshala,Chandigarh to Dharamshala (Himachal Pradesh)
Laxmi holidays,Volvo 9600 A/C Semi Sleeper (2+2),18:25,01:00,06h 35m,540,17 Seats available,"4.9
83",https://www.redbus.in/bus-tickets/dharamshala-to-chandigarh,Dharamshala (Himachal Pradesh) to Chandigarh
Laxmi holidays,Volvo 9600 A/C Semi Sleeper (2+2),18:30,01:00,06h 30m,540,17 Seats available,"4.6
78",https://www.redbus.in/bus-tickets/dharamshala-to-chandigarh,Dharamshala (Himachal Pradesh) to Chandigarh
Bedi Travels,Volvo 9600 Multi Axle Semi-Sleeper (2+2),18:45,01:00,06h 15m,585,12 Seats available,"4.8
19",https://www.redbus.in/bus-tickets/dharamshala-to-chandigarh,Dharamshala (Himachal Pradesh) to Chandigarh
Bedi Travels,Volvo 9600 Multi Axle Semi-Sleeper (2+2),19:00,01:00,06h 00m,585,12 Seats available,"5.0
23",https://www.redbus.in/bus-tickets/dharamshala-to-chandigarh,Dharamshala (Himachal Pradesh) to Chandigarh
Laxmi holidays,VE A/C Semi Sleeper (2+2),19:00,23:55,04h 55m,629,27 Seats available,"4.4
102",https://www.redbus.in/bus-tickets/dharamshala-to-chandigarh,Dharamshala (Himachal Pradesh) to Chandigarh
New Himalaya Travels,Volvo A/C Semi Sleeper (2+2),19:30,01:15,05h 45m,INR 500,16 Seats available,"4.0
5",https://www.redbus.in/bus-tickets/dharamshala-to-chandigarh,Dharamshala (Himachal Pradesh) to Chandigarh
Zingbus Plus,Volvo A/C Semi Sleeper (2+2),19:30,01:05,05h 35m,540,15 Seats available,"4.5
34",https://www.redbus.in/bus-tickets/dharamshala-to-chandigarh,Dharamshala (Himachal Pradesh) to Chandigarh
Ram Dalal Holidays,Volvo 9600 A/C Semi Sleeper (2+2),19:30,01:30,06h 00m,INR 570,9 Seats available,"4.9
18",https://www.redbus.in/bus-tickets/dharamshala-to-chandigarh,Dharamshala (Himachal Pradesh) to Chandigarh
Ram Dalal Holidays,Volvo 9600 A/C Semi Sleeper (2+2),19:30,01:30,06h 00m,INR 570,9 Seats available,"5.0
12",https://www.redbus.in/bus-tickets/dharamshala-to-chandigarh,Dharamshala (Himachal Pradesh) to Chandigarh
New Himalaya Travels,Volvo A/C Semi Sleeper (2+2),19:35,01:15,05h 40m,INR 500,16 Seats available,"4.9
5",https://www.redbus.in/bus-tickets/dharamshala-to-chandigarh,Dharamshala (Himachal Pradesh) to Chandigarh
HRTC - 1007,Ordinary 3+2 Non AC Seater,19:00,05:40,10h 40m,INR 597,9 Seats available,"3.6
39",https://www.redbus.in/bus-tickets/chamba-himachal-pradesh-to-chandigarh,Chamba (Himachal Pradesh) to Chandigarh
HRTC - 1028,A/C Executive (2+3),20:15,07:15,11h 00m,INR 638,20 Seats available,"3.2
97",https://www.redbus.in/bus-tickets/chamba-himachal-pradesh-to-chandigarh,Chamba (Himachal Pradesh) to Chandigarh
Zingbus Plus,Bharat Benz A/C Seater /Sleeper (2+1),20:30,09:05,12h 35m,1255,16 Seats available,"4.0
8",https://www.redbus.in/bus-tickets/delhi-to-dalhousie,Delhi to Dalhousie
Zingbus Plus,A/C Sleeper (2+1),22:00,11:00,13h 00m,1205,28 Seats available,4.0,https://www.redbus.in/bus-tickets/delhi-to-dalhousie,Delhi to Dalhousie
Travel Point,A/C Seater / Sleeper (2+2),21:00,09:51,12h 51m,1387,50 Seats available,"3.3
63",https://www.redbus.in/bus-tickets/delhi-to-dalhousie,Delhi to Dalhousie
HRTC - 590,A/C Executive (2+3),19:00,10:15,15h 15m,INR 1007,32 Seats available,"3.4
71",https://www.redbus.in/bus-tickets/delhi-to-chamba-himachal-pradesh,Delhi to Chamba (Himachal Pradesh)
HRTC - 84,Himsuta AC Seater Volvo/Scania 2+2,20:15,11:30,15h 15m,INR 1589,26 Seats available,"4.1
87",https://www.redbus.in/bus-tickets/delhi-to-chamba-himachal-pradesh,Delhi to Chamba (Himachal Pradesh)
HRTC - 578,Ordinary 3+2 Non AC Seater,22:10,18:35,20h 25m,INR 862,37 Seats available,"1.9
4",https://www.redbus.in/bus-tickets/delhi-to-chamba-himachal-pradesh,Delhi to Chamba (Himachal Pradesh)
HRTC - 100,Himsuta AC Seater Volvo/Scania 2+2,19:50,09:00,13h 10m,INR 1437,12 Seats available,"4.0
96",https://www.redbus.in/bus-tickets/dalhousie-to-delhi,Dalhousie to Delhi
Laxmi holidays,Scania Multi-Axle AC Semi Sleeper (2+2),21:30,04:30,07h 00m,INR 499,26 Seats available,"4.6
255",https://www.redbus.in/bus-tickets/solan-to-delhi,Solan to Delhi
Bedi Travels,Volvo A/C Semi Sleeper (2+2 ),23:00,05:30,06h 30m,630,8 Seats available,"4.7
116",https://www.redbus.in/bus-tickets/solan-to-delhi,Solan to Delhi
Zingbus Plus,Bharat Benz A/C Semi Sleeper (2+2),21:50,04:50,07h 00m,478,21 Seats available,"4.6
94",https://www.redbus.in/bus-tickets/solan-to-delhi,Solan to Delhi
Ram Dalal Holidays,Mercedes Multi-Axle Semi Sleeper (2+2),23:35,06:35,07h 00m,INR 600,11 Seats available,"4.4
77",https://www.redbus.in/bus-tickets/solan-to-delhi,Solan to Delhi
Bedi Travels,Volvo 9600 A/C Semi Sleeper (2+2),19:45,07:45,12h 00m,585,19 Seats available,"4.7
486",https://www.redbus.in/bus-tickets/delhi-to-palampur,Delhi to Palampur
Ram Dalal Holidays,Volvo 9600 A/C Semi Sleeper (2+2),20:00,07:00,11h 00m,INR 590,23 Seats available,"4.7
468",https://www.redbus.in/bus-tickets/delhi-to-palampur,Delhi to Palampur
Laxmi holidays,Scania Multi-Axle AC Semi Sleeper (2+2),19:00,06:00,11h 00m,539,15 Seats available,"4.5
484",https://www.redbus.in/bus-tickets/delhi-to-palampur,Delhi to Palampur
AdCity Land Travels,Volvo A/C Semi Sleeper (2+2),19:55,06:00,10h 05m,529,30 Seats available,"3.7
301",https://www.redbus.in/bus-tickets/delhi-to-palampur,Delhi to Palampur
Laxmi holidays,Volvo A/C Semi Sleeper (2+2),20:00,07:00,11h 00m,523,30 Seats available,"4.5
386",https://www.redbus.in/bus-tickets/delhi-to-palampur,Delhi to Palampur
Laxmi holidays,Volvo A/C Semi Sleeper (2+2),21:00,08:15,11h 15m,569,27 Seats available,"4.4
292",https://www.redbus.in/bus-tickets/delhi-to-palampur,Delhi to Palampur
Ram Dalal Holidays,Volvo A/C Semi Sleeper (2+2),21:00,07:40,10h 40m,INR 550,21 Seats available,"4.3
348",https://www.redbus.in/bus-tickets/delhi-to-palampur,Delhi to Palampur
Ram Dalal Holidays,Volvo A/C Semi Sleeper (2+2),22:00,07:00,09h 00m,INR 810,22 Seats available,4.5,https://www.redbus.in/bus-tickets/delhi-to-palampur,Delhi to Palampur
Northern Travels,Volvo A/C Semi Sleeper (2+2),19:30,07:30,12h 00m,INR 519,21 Seats available,"3.6
185",https://www.redbus.in/bus-tickets/delhi-to-palampur,Delhi to Palampur
Bharmani Travels,Volvo A/C Semi Sleeper (2+2),21:15,07:00,09h 45m,554,24 Seats available,"3.9
221",https://www.redbus.in/bus-tickets/delhi-to-palampur,Delhi to Palampur
Ram Dalal Holidays,Volvo 9600 A/C Semi Sleeper (2+2),19:30,05:45,10h 15m,INR 570,9 Seats available,"4.8
602",https://www.redbus.in/bus-tickets/dharamshala-to-delhi,Dharamshala (Himachal Pradesh) to Delhi
Ram Dalal Holidays,Volvo 9600 Multi Axle Semi-Sleeper (2+2),20:38,06:30,09h 52m,INR 490,23 Seats available,"4.7
824",https://www.redbus.in/bus-tickets/dharamshala-to-delhi,Dharamshala (Himachal Pradesh) to Delhi
Laxmi holidays,Volvo 9600 A/C Semi Sleeper (2+2),18:30,05:30,11h 00m,630,16 Seats available,"4.8
366",https://www.redbus.in/bus-tickets/dharamshala-to-delhi,Dharamshala (Himachal Pradesh) to Delhi
Bedi Travels,Volvo 9600 Multi Axle Semi-Sleeper (2+2),19:00,05:30,10h 30m,585,10 Seats available,"4.7
640",https://www.redbus.in/bus-tickets/dharamshala-to-delhi,Dharamshala (Himachal Pradesh) to Delhi
Bedi Travels,Volvo A/C Semi Sleeper (2+2 ),21:15,07:30,10h 15m,630,20 Seats available,"4.7
500",https://www.redbus.in/bus-tickets/dharamshala-to-delhi,Dharamshala (Himachal Pradesh) to Delhi
Laxmi holidays,Volvo 9600 A/C Semi Sleeper (2+2),21:00,06:30,09h 30m,523,29 Seats available,"4.6
633",https://www.redbus.in/bus-tickets/dharamshala-to-delhi,Dharamshala (Himachal Pradesh) to Delhi
Laxmi holidays,Volvo 9600 A/C Semi Sleeper (2+2),21:50,08:30,10h 40m,570,22 Seats available,"4.6
602",https://www.redbus.in/bus-tickets/dharamshala-to-delhi,Dharamshala (Himachal Pradesh) to Delhi
Bedi Travels,Volvo 9600 Multi Axle Semi-Sleeper (2+2),18:45,05:30,10h 45m,585,10 Seats available,"4.6
180",https://www.redbus.in/bus-tickets/dharamshala-to-delhi,Dharamshala (Himachal Pradesh) to Delhi
Laxmi holidays,Volvo 9600 A/C Semi Sleeper (2+2),21:45,08:30,10h 45m,570,22 Seats available,"4.7
285",https://www.redbus.in/bus-tickets/dharamshala-to-delhi,Dharamshala (Himachal Pradesh) to Delhi
Bedi Travels,Volvo A/C Semi Sleeper (2+2 ),21:00,07:30,10h 30m,630,20 Seats available,"4.8
161",https://www.redbus.in/bus-tickets/dharamshala-to-delhi,Dharamshala (Himachal Pradesh) to Delhi
Bedi Travels,Volvo A/C Semi Sleeper (2+2 ),23:00,06:45,07h 45m,495,15 Seats available,"4.9
107",https://www.redbus.in/bus-tickets/delhi-to-solan,Delhi to Solan
Laxmi holidays,Volvo A/C Semi Sleeper (2+2),23:25,06:40,07h 15m,522,13 Seats available,"4.7
297",https://www.redbus.in/bus-tickets/delhi-to-solan,Delhi to Solan
Laxmi holidays,Scania Multi-Axle AC Semi Sleeper (2+2),23:30,06:30,07h 00m,617,41 Seats available,"4.6
162",https://www.redbus.in/bus-tickets/delhi-to-solan,Delhi to Solan
Zingbus Plus,Bharat Benz A/C Semi Sleeper (2+2),22:55,06:40,07h 45m,492,17 Seats available,"4.5
85",https://www.redbus.in/bus-tickets/delhi-to-solan,Delhi to Solan
City Land Travels,Volvo Multi-Axle I-Shift B11R Semi Sleeper (2+2),23:55,06:05,06h 10m,495,35 Seats available,"3.8
53",https://www.redbus.in/bus-tickets/delhi-to-solan,Delhi to Solan
City Land Travels,Volvo A/C Semi Sleeper (2+2),22:30,04:40,06h 10m,529,27 Seats available,"3.2
27",https://www.redbus.in/bus-tickets/delhi-to-solan,Delhi to Solan
HRTC - 1512,Ordinary 3+2 Non AC Seater,19:00,09:00,14h 00m,INR 766,37 Seats available,"3.6
9",https://www.redbus.in/bus-tickets/chandigarh-to-reckong-peo-himachal-pradesh,Chandigarh to Reckong Peo (Himachal Pradesh)
HRTC - 155,Himsuta AC Seater Volvo/Scania 2+2,21:00,06:10,09h 10m,INR 963,35 Seats available,"3.7
102",https://www.redbus.in/bus-tickets/manali-to-shimla,Manali to Shimla
HRTC - 718,Ordinary 3+2 Non AC Seater,21:30,04:30,07h 00m,INR 583,39 Seats available,"3.2
5",https://www.redbus.in/bus-tickets/manali-to-shimla,Manali to Shimla
Bedi Travels,Volvo 9600 A/C Semi Sleeper (2+2),19:05,06:00,10h 55m,630,5 Seats available,"4.7
500",https://www.redbus.in/bus-tickets/palampur-to-delhi,Palampur to Delhi
Ram Dalal Holidays,Volvo 9600 A/C Semi Sleeper (2+2),18:50,05:30,10h 40m,INR 700,19 Seats available,"4.7
369",https://www.redbus.in/bus-tickets/palampur-to-delhi,Palampur to Delhi
Laxmi holidays,Volvo A/C Semi Sleeper (2+2),20:50,07:30,10h 40m,522,16 Seats available,"4.5
394",https://www.redbus.in/bus-tickets/palampur-to-delhi,Palampur to Delhi
New Himalaya Travels,Volvo A/C Semi Sleeper (2+2),19:35,06:15,10h 40m,INR 600,17 Seats available,"4.5
313",https://www.redbus.in/bus-tickets/palampur-to-delhi,Palampur to Delhi
Ram Dalal Holidays,Volvo A/C Semi Sleeper (2+2),19:30,06:00,10h 30m,INR 650,11 Seats available,"4.4
332",https://www.redbus.in/bus-tickets/palampur-to-delhi,Palampur to Delhi
Laxmi holidays,Scania Multi-Axle AC Semi Sleeper (2+2),19:20,06:00,10h 40m,540,8 Seats available,"4.3
460",https://www.redbus.in/bus-tickets/palampur-to-delhi,Palampur to Delhi
Bharmani Travels,Volvo A/C Semi Sleeper (2+2),21:10,06:30,09h 20m,600,20 Seats available,"4.4
212",https://www.redbus.in/bus-tickets/palampur-to-delhi,Palampur to Delhi
Northern Travels,Volvo A/C Semi Sleeper (2+2),18:45,05:15,10h 30m,INR 600,8 Seats available,"3.5
186",https://www.redbus.in/bus-tickets/palampur-to-delhi,Palampur to Delhi
Laxmi holidays,Volvo A/C Semi Sleeper (2+2),18:15,05:30,11h 15m,584,7 Seats available,"4.4
292",https://www.redbus.in/bus-tickets/palampur-to-delhi,Palampur to Delhi
Ram Dalal Holidays,Volvo A/C Semi Sleeper (2+2),20:05,06:40,10h 35m,INR 650,25 Seats available,4.5,https://www.redbus.in/bus-tickets/palampur-to-delhi,Palampur to Delhi
Metahills holidays,Scania A/C Semi Sleeper (2+2),21:21,05:50,08h 29m,1169,26 Seats available,3.5,https://www.redbus.in/bus-tickets/chandigarh-to-kullu,Chandigarh to Kullu
Metahills holidays,Scania A/C Semi Sleeper (2+2),21:21,05:50,08h 29m,942,31 Seats available,3.5,https://www.redbus.in/bus-tickets/chandigarh-to-kullu,Chandigarh to Kullu
GLOBAL HOLIDAYS ADVENTURE TOURS,A/C Semi Sleeper (2+2),22:25,06:00,07h 35m,463,30 Seats available,"3.7
48",https://www.redbus.in/bus-tickets/chandigarh-to-kullu,Chandigarh to Kullu
Laxmi holidays,Volvo 9600 A/C Semi Sleeper (2+2),22:50,04:15,05h 25m,523,16 Seats available,"4.6
62",https://www.redbus.in/bus-tickets/chandigarh-to-kullu,Chandigarh to Kullu
Himalayan Nomad Ktc,Volvo A/C Semi Sleeper (2+2),23:00,05:00,06h 00m,740,29 Seats available,3.9,https://www.redbus.in/bus-tickets/chandigarh-to-kullu,Chandigarh to Kullu
Zingbus Plus,Volvo A/C Semi Sleeper (2+2),23:15,04:25,05h 10m,483,31 Seats available,"4.8
105",https://www.redbus.in/bus-tickets/chandigarh-to-kullu,Chandigarh to Kullu
Subh Yatri Holidays,Volvo A/C Semi Sleeper (2+2),23:45,05:15,05h 30m,INR 573,41 Seats available,3.3,https://www.redbus.in/bus-tickets/chandigarh-to-kullu,Chandigarh to Kullu
Subh Yatri Holidays,Volvo A/C Semi Sleeper (2+2),23:45,07:00,07h 15m,516,41 Seats available,3.3,https://www.redbus.in/bus-tickets/chandigarh-to-kullu,Chandigarh to Kullu
HIMALAYAN HOLIDAYS,Volvo A/C Semi Sleeper (2+2 ),23:50,05:50,06h 00m,INR 849,31 Seats available,3.5,https://www.redbus.in/bus-tickets/chandigarh-to-kullu,Chandigarh to Kullu
Abtc Tour and Travels,Bharat Benz A/C Semi Sleeper (2+2),23:55,06:10,06h 15m,799,30 Seats available,3.3,https://www.redbus.in/bus-tickets/chandigarh-to-kullu,Chandigarh to Kullu
Laxmi holidays,Volvo 9600 A/C Semi Sleeper (2+2),19:10,01:00,05h 50m,540,17 Seats available,"4.6
40",https://www.redbus.in/bus-tickets/kangra-to-chandigarh,Kangra to Chandigarh
Laxmi holidays,VE A/C Semi Sleeper (2+2),19:35,23:55,04h 20m,629,27 Seats available,"4.6
45",https://www.redbus.in/bus-tickets/kangra-to-chandigarh,Kangra to Chandigarh
Bedi Travels,Volvo 9600 Multi Axle Semi-Sleeper (2+2),19:45,01:00,05h 15m,585,12 Seats available,"5.0
9",https://www.redbus.in/bus-tickets/kangra-to-chandigarh,Kangra to Chandigarh
Zingbus Plus,Volvo A/C Semi Sleeper (2+2),20:10,01:05,04h 55m,535,15 Seats available,"4.8
21",https://www.redbus.in/bus-tickets/kangra-to-chandigarh,Kangra to Chandigarh
New Himalaya Travels,Volvo A/C Semi Sleeper (2+2),20:10,01:15,05h 05m,INR 500,16 Seats available,4.4,https://www.redbus.in/bus-tickets/kangra-to-chandigarh,Kangra to Chandigarh
Ram Dalal Holidays,Volvo 9600 A/C Semi Sleeper (2+2),20:20,01:30,05h 10m,INR 570,9 Seats available,"4.6
7",https://www.redbus.in/bus-tickets/kangra-to-chandigarh,Kangra to Chandigarh
Ram Dalal Holidays,Volvo 9600 A/C Semi Sleeper (2+2),20:30,01:10,04h 40m,INR 700,19 Seats available,4.5,https://www.redbus.in/bus-tickets/kangra-to-chandigarh,Kangra to Chandigarh
Laxmi holidays,Scania Multi-Axle AC Semi Sleeper (2+2),20:30,01:50,05h 20m,523,26 Seats available,"4.8
7",https://www.redbus.in/bus-tickets/kangra-to-chandigarh,Kangra to Chandigarh
Bedi Travels,Volvo 9600 A/C Semi Sleeper (2+2),20:30,01:45,05h 15m,630,5 Seats available,4.7,https://www.redbus.in/bus-tickets/kangra-to-chandigarh,Kangra to Chandigarh
Laxmi holidays,Volvo Multi-Axle A/C Semi Sleeper (2+2),20:45,02:00,05h 15m,INR 450,26 Seats available,"4.5
12",https://www.redbus.in/bus-tickets/kangra-to-chandigarh,Kangra to Chandigarh
Deltin Travels,Volvo 9600 A/C Semi Sleeper (2+2),17:50,23:59,06h 09m,INR 700,11 Seats available,4.1,https://www.redbus.in/bus-tickets/kullu-to-chandigarh,Kullu to Chandigarh
SIDDHI VINAYAK TRAVELS,Volvo A/C B11R Multi Axle Semi Sleeper (2+2),18:20,01:35,07h 15m,INR 420,19 Seats available,3.0,https://www.redbus.in/bus-tickets/kullu-to-chandigarh,Kullu to Chandigarh
Subh Yatri Holidays,Volvo A/C Semi Sleeper (2+2),18:20,23:55,05h 35m,606,31 Seats available,3.3,https://www.redbus.in/bus-tickets/kullu-to-chandigarh,Kullu to Chandigarh
Zingbus Plus,Volvo A/C Semi Sleeper (2+2),18:40,00:40,06h 00m,514,16 Seats available,"3.5
12",https://www.redbus.in/bus-tickets/kullu-to-chandigarh,Kullu to Chandigarh
HIMALAYAN HOLIDAYS,Volvo A/C Semi Sleeper (2+2 ),18:45,02:00,07h 15m,INR 949,45 Seats available,3.5,https://www.redbus.in/bus-tickets/kullu-to-chandigarh,Kullu to Chandigarh
Laxmi holidays,Volvo 9600 A/C Semi Sleeper (2+2),18:45,00:30,05h 45m,INR 499,11 Seats available,"5.0
5",https://www.redbus.in/bus-tickets/kullu-to-chandigarh,Kullu to Chandigarh
HIMALAYAN HOLIDAYS,Volvo A/C Semi Sleeper (2+2 ),18:50,02:15,07h 25m,INR 949,35 Seats available,3.5,https://www.redbus.in/bus-tickets/kullu-to-chandigarh,Kullu to Chandigarh
IntrCity SmartBus,Volvo 9600 A/C Semi Sleeper (2+2),19:10,01:10,06h 00m,INR 627,1 Seat available,4.4,https://www.redbus.in/bus-tickets/kullu-to-chandigarh,Kullu to Chandigarh
Zingbus Plus,Volvo 9600 A/C Semi Sleeper (2+2),19:45,01:40,05h 55m,514,3 Seats available,"4.9
8",https://www.redbus.in/bus-tickets/kullu-to-chandigarh,Kullu to Chandigarh
Zingbus Plus,Volvo A/C Semi Sleeper (2+2),20:05,01:55,05h 50m,470,25 Seats available,"4.5
11",https://www.redbus.in/bus-tickets/kullu-to-chandigarh,Kullu to Chandigarh
Ram Dalal Holidays,Volvo 9600 A/C Semi Sleeper (2+2),19:30,05:50,10h 20m,INR 650,30 Seats available,"4.8
335",https://www.redbus.in/bus-tickets/delhi-to-kangra,Delhi to Kangra
Bedi Travels,Volvo 9600 Multi Axle Semi-Sleeper (2+2),20:30,06:45,10h 15m,540,29 Seats available,"4.8
319",https://www.redbus.in/bus-tickets/delhi-to-kangra,Delhi to Kangra
Ram Dalal Holidays,Volvo 9600 Multi Axle Semi-Sleeper (2+2),20:50,07:05,10h 15m,INR 650,29 Seats available,"4.8
319",https://www.redbus.in/bus-tickets/delhi-to-kangra,Delhi to Kangra
Bedi Travels,Volvo A/C Semi Sleeper (2+2 ),21:15,07:30,10h 15m,540,16 Seats available,"4.7
231",https://www.redbus.in/bus-tickets/delhi-to-kangra,Delhi to Kangra
Laxmi holidays,Volvo 9600 A/C Semi Sleeper (2+2),22:00,08:30,10h 30m,569,29 Seats available,"4.7
228",https://www.redbus.in/bus-tickets/delhi-to-kangra,Delhi to Kangra
Laxmi holidays,Volvo 9600 A/C Semi Sleeper (2+2),21:00,06:30,09h 30m,569,31 Seats available,"4.6
213",https://www.redbus.in/bus-tickets/delhi-to-kangra,Delhi to Kangra
Bedi Travels,Volvo 9600 A/C Semi Sleeper (2+2),19:45,06:15,10h 30m,585,19 Seats available,"4.6
122",https://www.redbus.in/bus-tickets/delhi-to-kangra,Delhi to Kangra
AdCity Land Travels,Volvo A/C Semi Sleeper (2+2),20:30,05:00,08h 30m,495,28 Seats available,"3.5
114",https://www.redbus.in/bus-tickets/delhi-to-kangra,Delhi to Kangra
Laxmi holidays,Volvo 9600 A/C Semi Sleeper (2+2),19:00,05:10,10h 10m,540,5 Seats available,"4.8
211",https://www.redbus.in/bus-tickets/delhi-to-kangra,Delhi to Kangra
Zingbus Plus,Volvo A/C Semi Sleeper (2+2),20:05,05:20,09h 15m,470,30 Seats available,"4.7
233",https://www.redbus.in/bus-tickets/delhi-to-kangra,Delhi to Kangra
Laxmi holidays,Volvo A/C Semi Sleeper (2+2),18:15,01:15,07h 00m,494,8 Seats available,"4.5
82",https://www.redbus.in/bus-tickets/palampur-to-chandigarh,Palampur to Chandigarh
Northern Travels,Volvo A/C Semi Sleeper (2+2),18:45,01:00,06h 15m,INR 600,8 Seats available,"3.0
15",https://www.redbus.in/bus-tickets/palampur-to-chandigarh,Palampur to Chandigarh
Ram Dalal Holidays,Volvo 9600 A/C Semi Sleeper (2+2),18:50,01:10,06h 20m,INR 700,19 Seats available,"4.5
49",https://www.redbus.in/bus-tickets/palampur-to-chandigarh,Palampur to Chandigarh
Bedi Travels,Volvo 9600 A/C Semi Sleeper (2+2),19:05,01:45,06h 40m,630,5 Seats available,"4.3
17",https://www.redbus.in/bus-tickets/palampur-to-chandigarh,Palampur to Chandigarh
Laxmi holidays,Scania Multi-Axle AC Semi Sleeper (2+2),19:20,01:50,06h 30m,495,34 Seats available,"4.7
70",https://www.redbus.in/bus-tickets/palampur-to-chandigarh,Palampur to Chandigarh
Ram Dalal Holidays,Volvo A/C Semi Sleeper (2+2),19:30,02:05,06h 35m,INR 650,11 Seats available,"4.2
14",https://www.redbus.in/bus-tickets/palampur-to-chandigarh,Palampur to Chandigarh
New Himalaya Travels,Volvo A/C Semi Sleeper (2+2),19:35,01:30,05h 55m,INR 600,19 Seats available,"4.8
12",https://www.redbus.in/bus-tickets/palampur-to-chandigarh,Palampur to Chandigarh
Ram Dalal Holidays,Volvo A/C Semi Sleeper (2+2),20:05,03:10,07h 05m,INR 650,25 Seats available,4.5,https://www.redbus.in/bus-tickets/palampur-to-chandigarh,Palampur to Chandigarh
Laxmi holidays,Volvo A/C Semi Sleeper (2+2),20:50,03:20,06h 30m,INR 449,19 Seats available,"4.4
106",https://www.redbus.in/bus-tickets/palampur-to-chandigarh,Palampur to Chandigarh
Bharmani Travels,Volvo A/C Semi Sleeper (2+2),21:10,02:30,05h 20m,600,23 Seats available,"4.2
8",https://www.redbus.in/bus-tickets/palampur-to-chandigarh,Palampur to Chandigarh
HRTC - 1512,Ordinary 3+2 Non AC Seater,19:00,23:30,04h 30m,INR 240,37 Seats available,3.9,https://www.redbus.in/bus-tickets/chandigarh-to-shimla,Chandigarh to Shimla
HRTC - 137,Ordinary 3+2 Non AC Seater,19:30,00:10,04h 40m,INR 242,37 Seats available,3.9,https://www.redbus.in/bus-tickets/chandigarh-to-shimla,Chandigarh to Shimla
HRTC - 1510,Ordinary 3+2 Non AC Seater,20:00,00:30,04h 30m,INR 240,37 Seats available,3.9,https://www.redbus.in/bus-tickets/chandigarh-to-shimla,Chandigarh to Shimla
HRTC - 1729,Ordinary 3+2 Non AC Seater,20:20,01:30,05h 10m,INR 242,34 Seats available,3.9,https://www.redbus.in/bus-tickets/chandigarh-to-shimla,Chandigarh to Shimla
Laxmi holidays,VE A/C Semi Sleeper (2+2),23:50,04:50,05h 00m,759,34 Seats available,"4.8
15",https://www.redbus.in/bus-tickets/chandigarh-to-kangra,Chandigarh to Kangra
Laxmi holidays,Volvo 9600 A/C Semi Sleeper (2+2),23:55,05:10,05h 15m,570,7 Seats available,"4.4
105",https://www.redbus.in/bus-tickets/chandigarh-to-kangra,Chandigarh to Kangra
Laxmi holidays,Scania Multi-Axle AC Semi Sleeper (2+2),23:55,05:10,05h 15m,INR 499,15 Seats available,"4.6
32",https://www.redbus.in/bus-tickets/chandigarh-to-kangra,Chandigarh to Kangra
Asian's Shina Tour & Travels (Swoyambhu Manjushree Yatayat P. LTD),NON A/C Semi Sleeper (2+2),23:55,05:30,05h 35m,INR 999,29 Seats available,2.4,https://www.redbus.in/bus-tickets/chandigarh-to-kangra,Chandigarh to Kangra
A N Holidays,Bharat Benz A/C Semi Sleeper (2+2),23:59,06:00,06h 01m,494,19 Seats available,"1.5
7",https://www.redbus.in/bus-tickets/chandigarh-to-kangra,Chandigarh to Kangra
HRTC - 568,Ordinary 3+2 Non AC Seater,21:30,07:15,09h 45m,INR 332,39 Seats available,"2.5
8",https://www.redbus.in/bus-tickets/delhi-to-nalagarh,Delhi to Nalagarh
HRTC - 580,Ordinary 3+2 Non AC Seater,22:45,06:00,07h 15m,INR 332,35 Seats available,"4.1
26",https://www.redbus.in/bus-tickets/delhi-to-nalagarh,Delhi to Nalagarh
HRTC - 576,Himsuta AC Seater Volvo/Scania 2+2,23:20,06:00,06h 40m,INR 632,26 Seats available,"4.1
91",https://www.redbus.in/bus-tickets/delhi-to-nalagarh,Delhi to Nalagarh
Bedi Travels,Volvo 9600 Multi Axle Semi-Sleeper (2+2),19:45,05:30,09h 45m,585,12 Seats available,"4.9
243",https://www.redbus.in/bus-tickets/kangra-to-delhi,Kangra to Delhi
Ram Dalal Holidays,Volvo 9600 Multi Axle Semi-Sleeper (2+2),21:10,06:30,09h 20m,INR 490,23 Seats available,"4.8
288",https://www.redbus.in/bus-tickets/kangra-to-delhi,Kangra to Delhi
Ram Dalal Holidays,Volvo 9600 A/C Semi Sleeper (2+2),20:20,05:45,09h 25m,INR 570,9 Seats available,"4.7
364",https://www.redbus.in/bus-tickets/kangra-to-delhi,Kangra to Delhi
Laxmi holidays,Volvo 9600 A/C Semi Sleeper (2+2),22:30,08:30,10h 00m,570,25 Seats available,"4.8
194",https://www.redbus.in/bus-tickets/kangra-to-delhi,Kangra to Delhi
Laxmi holidays,Volvo 9600 A/C Semi Sleeper (2+2),19:10,05:30,10h 20m,630,15 Seats available,"4.7
299",https://www.redbus.in/bus-tickets/kangra-to-delhi,Kangra to Delhi
Ram Dalal Holidays,Volvo 9600 A/C Semi Sleeper (2+2),20:30,05:30,09h 00m,INR 700,18 Seats available,"4.8
138",https://www.redbus.in/bus-tickets/kangra-to-delhi,Kangra to Delhi
Bedi Travels,Volvo A/C Semi Sleeper (2+2 ),22:15,07:30,09h 15m,630,20 Seats available,"4.8
123",https://www.redbus.in/bus-tickets/kangra-to-delhi,Kangra to Delhi
Laxmi holidays,Volvo 9600 A/C Semi Sleeper (2+2),21:45,06:30,08h 45m,523,29 Seats available,"4.7
177",https://www.redbus.in/bus-tickets/kangra-to-delhi,Kangra to Delhi
Laxmi holidays,Volvo Multi-Axle A/C Semi Sleeper (2+2),20:45,06:20,09h 35m,523,26 Seats available,"4.6
236",https://www.redbus.in/bus-tickets/kangra-to-delhi,Kangra to Delhi
Bedi Travels,Volvo 9600 A/C Semi Sleeper (2+2),20:30,06:00,09h 30m,630,5 Seats available,"4.8
77",https://www.redbus.in/bus-tickets/kangra-to-delhi,Kangra to Delhi
Ram Dalal Holidays,Volvo A/C Semi Sleeper (2+2),23:30,06:40,07h 10m,INR 650,25 Seats available,4.5,https://www.redbus.in/bus-tickets/ghumarwin-to-delhi,Ghumarwin to Delhi
HRTC - 541,Ordinary 3+2 Non AC Seater,19:14,04:10,08h 56m,INR 575,35 Seats available,"4.9
7",https://www.redbus.in/bus-tickets/delhi-to-sarkaghat,Delhi to Sarkaghat
HRTC - 549,A/C Executive (2+3),19:25,06:45,11h 20m,INR 701,42 Seats available,"3.5
20",https://www.redbus.in/bus-tickets/delhi-to-sarkaghat,Delhi to Sarkaghat
HRTC - 557,Ordinary 3+2 Non AC Seater,20:15,07:10,10h 55m,INR 575,36 Seats available,"2.9
4",https://www.redbus.in/bus-tickets/delhi-to-sarkaghat,Delhi to Sarkaghat
HRTC - 597,Himsuta AC Seater Volvo/Scania 2+2,20:35,06:40,10h 05m,INR 1078,24 Seats available,"4.4
50",https://www.redbus.in/bus-tickets/delhi-to-sarkaghat,Delhi to Sarkaghat
